first_name	last_name	gender	email	ip_address	id
Bastian	Handrahan	Male		196.205.97.61	2
Mordecai	Melvin	Male		178.209.94.95	3
Daloris	Clapp	Female		223.245.195.69	4
Blanch	Haythorne	Female		244.194.94.144	5
Tawsha	Balazs	Female		105.52.33.68	6
Corbin	Fernihough	Male		144.7.84.101	7
Worthington	Horick	Male		57.130.114.44	8
Wat	Casari	Male		15.132.183.243	9
Erminia	Maton	Female		220.196.252.244	10
Alistair	Telfer	Male		121.59.129.150	11
Paco	Toffler	Male		52.70.29.44	12
Reinhold	Dysart	Male		84.26.152.75	13
Ricca	Halliberton	Female		242.225.31.190	14
Kalindi	Bridgett	Female		221.15.248.87	15
Gonzalo	Biever	Male		115.60.168.5	16
Raven	Jillins	Female		151.146.149.36	17
Bond	Crippill	Male		31.183.83.22	18
Ami	Simeone	Female		234.108.136.195	19
Othilia	Chalice	Female		31.82.14.94	20
Kristy	Dable	Female		3.96.184.125	21
D'arcy	Duligal	Male		252.180.83.89	22
Barret	Rottenbury	Male		190.248.43.121	23
Josie	Kleinstern	Female		77.23.184.17	24
Morly	Francke	Male		104.98.29.248	25
Reinald	Roft	Male		123.233.160.227	26
Electra	Matton	Female		221.218.139.48	27
Brunhilde	Burdas	Female		93.39.60.235	28
Shelbi	Smithyman	Female		114.104.208.60	29
Roger	Fowles	Male		64.83.184.164	30
Belita	Jelley	Female		56.135.28.12	31
Lorain	Crammy	Female		114.228.100.158	32
Hansiain	Aguilar	Male		189.222.81.247	33
Christiano	Skylett	Male		97.131.59.107	34
Hayes	L'argent	Male		50.7.136.60	35
Ardelis	Ziemecki	Female		247.147.68.163	36
Corinne	Poulden	Female		215.142.209.196	37
Jilly	Samwaye	Female		117.43.10.22	38
Correy	Tisor	Male		116.137.254.83	39
Jesse	Cullivan	Female		240.186.255.40	40
Dion	Secombe	Male		85.44.105.19	41
Lari	Gorwood	Female		239.98.68.110	42
Terry	Oldis	Female		188.132.87.111	43
Tilda	Peake	Female		252.98.230.133	44
Kim	Ibbeson	Male		1.191.17.131	45
Emmie	Munday	Female		247.117.202.183	46
Niki	Dampney	Male		151.194.31.8	47
Tess	Rintoul	Female		14.25.3.72	48
Townie	Dunge	Male		8.161.206.214	49
Elizabeth	Burchess	Female		96.57.32.18	50
Roseanne	Jerche	Female		168.204.231.159	51
Rossy	Faveryear	Male		20.118.174.31	52
Melissa	Orman	Female		55.47.219.159	53
Max	Eagell	Female		185.16.211.106	54
Travis	Winterbottom	Male		53.85.116.167	55
Corny	Daniele	Male		3.181.21.207	56
Phebe	Dowdall	Female		131.236.1.89	57
Erskine	Wrigley	Male		186.236.142.131	58
Jerrie	Linnard	Male		253.96.1.122	59
Shea	Turford	Male		196.198.111.243	60
Darleen	Hannabus	Female		20.234.228.213	61
Jacynth	Amsberger	Female		202.195.126.223	62
Brad	Abrey	Male		56.177.104.220	63
Deeyn	Magowan	Female		26.36.184.49	64
Christian	Papaccio	Female		79.130.23.129	65
Leticia	Maidment	Female		35.253.201.244	66
Nessa	Targetter	Female		131.200.95.240	67
Mackenzie	Perryn	Male		200.253.96.172	68
Marjie	Rentenbeck	Female		34.112.99.32	69
Emmi	Beddin	Female		218.28.6.58	70
Ruttger	Ferrulli	Male		252.137.161.208	71
Idelle	O'Dougherty	Female		59.147.83.69	72
Warren	Kornousek	Male		0.29.31.163	73
Ernst	Cordrey	Male		72.231.112.193	74
Marlow	Maslin	Male		205.98.54.123	75
Tye	Dederich	Male		140.4.106.148	76
Isadore	Dodgson	Male		190.188.208.108	77
Silva	Kingscote	Female		98.12.171.185	78
Bartholomew	Fretson	Male		131.104.161.198	79
Juan	Ofer	Male		232.68.168.64	80
Noach	Dobel	Male		4.196.166.43	81
Sigismondo	Cano	Male		27.149.232.136	82
Forrest	Rishworth	Male		195.233.42.140	83
Arabele	Davie	Female		162.90.224.242	84
Piotr	Robard	Male		169.215.167.204	85
Kaia	Marian	Female		60.146.183.198	86
Raimund	Witz	Male		123.156.29.8	87
Clim	Knocker	Male		124.151.183.164	88
Maxwell	Cavet	Male		127.102.125.112	89
Dewitt	Wisedale	Male		0.206.96.135	90
Shell	Durbin	Male		54.6.159.49	91
Terri	Rishman	Male		30.219.8.90	92
Conway	Bridgnell	Male		77.13.229.254	93
Terry	Trunkfield	Male		135.219.88.89	94
Michaeline	Beckers	Female		194.6.100.84	95
Keefer	Franzke	Male		137.245.170.16	96
Jermaine	Benham	Female		83.47.18.39	97
Josy	Kernar	Female		241.242.227.216	98
Blakeley	Boffey	Female		185.135.200.55	99
North	Checci	Male		153.123.93.207	100
